Family,Genus,Species,BM.F,BM.U,BW,CC,AFR,GL,IBI,LS,NNW,LW,LGR,WA,WW,DJ
Cheirogaleidae,Allocebus,trichotis,83,,,,,,,,,,,,,
Cheirogaleidae,Cheirogaleus,major,356,,7,,,71,,,18.1,,,70,,
Cheirogaleidae,Cheirogaleus,major,362,,,,,,,,,,,,,
Cheirogaleidae,Cheirogaleus,major,403,,,,,,,,,,,,,
Cheirogaleidae,Cheirogaleus,adipicaudatus,,,,,,,,,,,,,,
Cheirogaleidae,Cheirogaleus,crossleyi,,,,,,,,,,,,,,
Cheirogaleidae,Cheirogaleus,sibreei,,,,,,,,,,,,,,
Cheirogaleidae,Cheirogaleus,ravus,,,,,,,,,,,,,,
Cheirogaleidae,Cheirogaleus,minusculus,,,,,,,,,,,,,,
Cheirogaleidae,Cheirogaleus,medius,139,,,,1.19,62,12,2,12,38,2.64,61,,0.86
Cheirogaleidae,Cheirogaleus,medius,172,,,,1.4,,,,,,,,,
Cheirogaleidae,Microcebus,berthae,30,,,,,,,,,,,,,
Cheirogaleidae,Microcebus,griseorufus,63,,,,,,,,,,,,,
Cheirogaleidae,Microcebus,murinus,63,,1.8,,1,60,12,2,4.6,12.3,1.35,40,,0.73
Cheirogaleidae,Microcebus,murinus,72,,,,,,,,7,,,,,
Cheirogaleidae,Microcebus,myoxinus,49,,,,,,,,,,,,,
Cheirogaleidae,Microcebus,ravelobensis,56,,,,,,,,,,,,,
Cheirogaleidae,Microcebus,rufus,42,,,,,,,,,,,,,
Cheirogaleidae,Microcebus,sambiranensis,44,,,,,,,,,,,,,
Cheirogaleidae,Microcebus,tavaratra,61,,,,,,,,,,,,,
Cheirogaleidae,Mirza,coquereli,297,,,,1,87,12,2,14,22.5,,,,
Cheirogaleidae,Mirza,coquereli,302,,,,1.92,,,,17.5,,,,,
Cheirogaleidae,Mirza,coquereli,326,,,,,,,,,,,,,
Cheirogaleidae,Phaner,furcifer,328,,,,,,,,,,,,,
Daubentoniidae,Daubentonia,madagascariensis,2490,,44,,3.5,164,20,1,102,109,3.81,170,1535,2.04
Daubentoniidae,Daubentonia,madagascariensis,2572,,,,,169,,,147,,,365,,
Daubentoniidae,Daubentonia,madagascariensis,2800,,,,,,,,,,,,,
Lepilemuridae,Lepilemur,dorsalis,,500,,,,,,,,,,,,
Lepilemuridae,Lepilemur,edwardsi,934,,,,,,,,,,,,,
Lepilemuridae,Lepilemur,leucopus,594,,,,,,,,,,,,,
Lepilemuridae,Lepilemur,microdon,,,,,,,,,,,,,,
Lepilemuridae,Lepilemur,mustelinus,,777,,,1.83,135,,,27,34.7,2.65,75,,1.3
Lepilemuridae,Lepilemur,mustelinus,602,,,,1.88,,,,,,,76,,
Lepilemuridae,Lepilemur,ruficaudatus,779,,,7.4,1.63,,,,,,,120,,
Lepilemuridae,Lepilemur,septentrionalis,,750,,,,,,,,,,,,
Lemuridae,Eulemur,albocollaris,2150,,,,,,,,,,,,,
Lemuridae,Eulemur,collaris,,,,,,,,,,,,,,
Lemuridae,Eulemur,coronatus,1080,,,,,125,,1,48,,,,,
Lemuridae,Eulemur,coronatus,1177,,,,,,,,70,,,,,
Lemuridae,Eulemur,fulvus,2206,,,25.6,2.16,120,24,1,67.8,74.7,9.75,135,,1.46
Lemuridae,Eulemur,fulvus,2250,,,,2.66,,,,76,,,183,,
Lemuridae,Eulemur,fulvus,2428,,,,2.83,,,,83.3,,,,,
Lemuridae,Eulemur,macaco,1760,,,24.6,1.66,129,12,1,50,100,,135,,
Lemuridae,Eulemur,macaco,1793,,,,2.18,,,,74,,,,,
Lemuridae,Eulemur,macaco,2428,,,,2.58,,,,,,,,,
Lemuridae,Eulemur,macaco,2510,,,,,,,,,,,,,
Lemuridae,Eulemur,mongoz,1481,,23.8,,2.5,129,,1,57,55,,152,,1.75
Lemuridae,Eulemur,mongoz,1560,,,,2.52,,,,59.8,,,,,
Lemuridae,Eulemur,mongoz,1890,,,,,,,,,,,,,
Lemuridae,Eulemur,rubriventer,1940,,,,,123,,,82,,,,,
Lemuridae,Eulemur,rubriventer,1956,,,,,,,,89,,,,,
Lemuridae,Hapalemur,aureus,1390,,,,,,12,,,,,,,
Lemuridae,Hapalemur,griseus,670,,,14.6,2.38,140,11,1,45.2,56.7,,120,,1.67
Lemuridae,Hapalemur,griseus,709,,,,2.73,145,,,54,,,122,,
Lemuridae,Hapalemur,griseus,790,,,,2.92,,,,,,,154,,
Lemuridae,Hapalemur,griseus alaotrensis,,1450,,,,,,,,,,,,
Lemuridae,Hapalemur,simus,1300,,,,,,,,,,,,,
Lemuridae,Lemur,catta,2210,,22.6,23.4,2.01,135,14,1,65,103,9.15,105,,1.35
Lemuridae,Lemur,catta,2290,,,,2.25,,,,85,,,179,,
Lemuridae,Lemur,catta,,,,,2.63,,,,88.2,,,,,
Lemuridae,Varecia,variegata,3100,,102.1,31.2,1.42,102,12,2,78.4,90,1.95,89,2893,
Lemuridae,Varecia,variegata,3520,,,,1.92,175,,,87.2,,,90,,
Lemuridae,Varecia,variegata,3600,,,,2.72,,,,100,,,146,,
Indriidae,Avahi,laniger,875,,10.6,9.8,2.58,,12,,,,,150,,
Indriidae,Avahi,laniger,1050,,,,,,,,,,,,,
Indriidae,Avahi,laniger,1316,,,,,,,,,,,,,
Indriidae,Avahi,laniger,1320,,,,,,,,,,,,,
Indriidae,Avahi,occidentalis,777,,,,,,,,,,,,,
Indriidae,Avahi,unicolor,,,,,,,,,,,,,,
Indriidae,Propithecus,tattersalli,3500,,,30.5,4.5,,,,98,,,153,,
Indriidae,Propithecus,tattersalli,3590,,,,,,,,,,,,,
Indriidae,Propithecus,verreauxi,2950,,26.7,29.7,3.5,140,,,103.2,107,,180,,2.62
Indriidae,Propithecus,verreauxi,3183,,,,4.57,,,,,,,,,
Indriidae,Propithecus,verreauxi,3620,,,,,,,,,,,,,
Indriidae,Propithecus,coquereli,3244,,,,4.2,141,12,1,103,,,182,,
Indriidae,Propithecus,coquereli,4280,,,,,,,,,,,,,
Indriidae,Propithecus,diadema,6260,,,40,4,178,25,,135,,,183,,
Indriidae,Propithecus,diadema,,,,,4.51,,,,,,,363,,
Indriidae,Indri,indri,6250,,38.3,,,159,30,,,300,,363,,
Indriidae,Indri,indri,6840,,,,,,,,,,,365,,
Lorisidae,Arctocebus,aureus,,210,,,,,,,,,,,,
Lorisidae,Arctocebus,calabarensis,254,,,,1.12,135,6,,32,25.2,2.14,105,160,0.47
Lorisidae,Arctocebus,calabarensis,298,,,,1.17,,,,37,,,115,,
Lorisidae,Arctocebus,calabarensis,306,,,,,,,,,,,,,
Lorisidae,Loris,grandis,,,,,,,,,,,,,,
Lorisidae,Loris,lydekkerianus,269,,,,,,,,,,,,,
Lorisidae,Loris,malabaricus,193,,,,,,1,,,,,,,
Lorisidae,Loris,nordicus,,,,,,,,,,,,,,
Lorisidae,Loris,nycticeboides,,,,,,,,,,,,,,
Lorisidae,Loris,tardigradus,255,,,,1.5,166,6,,10,11.4,0.76,170,139,0.58
Lorisidae,Loris,tardigradus,,,,,,,,,11,,,,,
Lorisidae,Nycticebus,bengalensis,1020,,,,,,,,,,,,,
Lorisidae,Nycticebus,coucang,626,,12.8,,2.11,193,12,1,50.8,49.3,5.41,180,520,1.09
Lorisidae,Nycticebus,coucang,630,,,,,195,,,52,,,182,,
Lorisidae,Nycticebus,intermedius,,,,,,,,,,,,,,
Lorisidae,Nycticebus,javanicus,798,,,,,,,,,,,,,
Lorisidae,Nycticebus,menagensis,511,,,,,,,,,,,,,
Lorisidae,Nycticebus,pygmaeus,,307,,,,185,,2,20,,,,,
Lorisidae,Nycticebus,pygmaeus,,,,,,,,,23,,,,,
Lorisidae,Nycticebus,intermedius,,,,,,,,,17.8,,,,,
Lorisidae,Perodicticus,edwardsi,,1100,,,,,,,,,,,,
Lorisidae,Perodicticus,edwardsi,1210,,,,,,,,,,,,,
Lorisidae,Perodicticus,ibeanus,,,,,,,,,,,,,,
Lorisidae,Perodicticus,potto,836,,13.5,,2.03,195,12,1,33,51.2,4.73,150,,1.09
Lorisidae,Perodicticus,potto,935,,,,2.08,,,,38.9,,,151,,
Lorisidae,Pseudopotto,martini,,,,,,,,,,,,,,
Galagidae,Euoticus,elegantulus,261,,,,,,,,,,,,,
Galagidae,Euoticus,elegantulus,283,,,,,,,,,,,,,
Galagidae,Euoticus,elegantulus,293,,,,,,,,,,,,,
Galagidae,Euoticus,pallidus,,300,,,,,,,,,,,,
Galagidae,Galago,alleni,262,,,,0.83,135,,,24,31.2,1.82,,,
Galagidae,Galago,alleni,269,,,,1.04,,,,,,,,,
Galagidae,Galago,gabonensis,,,,,,,,,,,,,,
Galagidae,Galago,gallarum,,,,,,,,,,,,,,
Galagidae,Galago,matschiei,212,,,,,,,,,,,,,
Galagidae,Galago,moholi,173,,5,3.6,0.71,123,6,1,11.8,18.4,1.66,84,95,0.39
Galagidae,Galago,moholi,179,,,,1,,,,15,,,100,,
Galagidae,Galago,moholi,188,,,,,,,,,,,,,
Galagidae,Galago,senegalensis,195,,,,1.4,142,6,,19,20.3,1.75,98,150,0.74
Galagidae,Galago,senegalensis,199,,,,,,,,19.5,,,,,
Galagidae,Galagoides,demidoff,60,,3.3,,0.97,110,12,2,8,9,1.07,,,
Galagidae,Galagoides,demidoff,63,,,,1,,,,9.9,,,,,
Galagidae,Galagoides,granti,,,,,,,,,,,,,,
Galagidae,Galagoides,orinus,,,,,,,,,,,,,,
Galagidae,Galagoides,rondoensis,,,,,,,,,,,,,,
Galagidae,Galagoides,thomasi,130,,,,,,,,,,,,,
Galagidae,Galagoides,udzungwensis,,,,,,,,,,,,,,
Galagidae,Galagoides,zanzibaricus,132,,,,1,126,6,,14.1,16.8,1.73,,,
Galagidae,Galagoides,zanzibaricus,137,,,,,,,,15,,,,,
Galagidae,Otolemur,crassicaudatus,1110,,,,2.17,135,12,2,43.2,70.7,10.16,135,500,1.47
Galagidae,Otolemur,crassicaudatus,1120,,,,2.21,,,,46,,,,,
Galagidae,Otolemur,garnettii,721,,9.8,,1.58,132,7,1,49,49.7,,,,
Galagidae,Otolemur,garnettii,734,,,,,,,,,,,,,
Galagidae,Otolemur,garnettii,739,,,,,,,,,,,,,
Tarsiidae,Tarsius,bancanus,109,,,,2.52,178,8,1,23.6,24.4,0.82,79,,1.82
Tarsiidae,Tarsius,bancanus,117,,,,,,,,24,,,,,
Tarsiidae,Tarsius,dianae,107,,,,,,,1,,,,,,
Tarsiidae,Tarsius,pumilis,,,,,,,,1,,,,,,
Tarsiidae,Tarsius,spectrum,108,,,,1.42,,5,1,23.1,28.5,,68,,
Tarsiidae,Tarsius,spectrum,220,,,,,,,,,,,,,
Tarsiidae,Tarsius,syrichta,120,,3.3,,,180,,1,,26.2,,82,,
Cebidae,Aotus,azarai,1230,,,,,,12,1,,,,231,,
Cebidae,Aotus,hershkovitzi,,,,,,,,,,,,,,
Cebidae,Aotus,lemurinus,874,,,,,133,12,1,98,,,75,,
Cebidae,Aotus,miconax,,,,,,,,,,,,,,
Cebidae,Aotus,nancymaae,780,,,,,,,,,,,,,
Cebidae,Aotus,nigriceps,1040,,,,,,,,,,,,,
Cebidae,Aotus,trivirgatus,724,,17.2,16.1,2.38,133,,,94,97,3.5,75,360,1.81
Cebidae,Aotus,trivirgatus,736,,,,2.42,,,,,,,179,,
Cebidae,Aotus,vociferans,698,,,,,,,,,,,,,
Cebidae,Cebus,albifrons,2067,,60.7,56.8,4.02,155,18,,227.7,234,4.7,269,,2.85
Cebidae,Cebus,albifrons,2290,,,,,,,,234,,,270,,
Cebidae,Cebus,albifrons,,,,,,,,,,,,274,,
Cebidae,Cebus,apella,2201,,63.5,63.1,5.5,154,22,1,197.1,239.7,2.87,261,1000,
Cebidae,Cebus,apella,2520,,,,5.78,,,,232,,,264,,
Cebidae,Cebus,apella,,,,,,,,,,,,416,,
Cebidae,Cebus,capucinus,2540,,71.9,,4,162,26,1,230,230,2.17,510,1350,
Cebidae,Cebus,capucinus,2578,,,,,,,,239,,,517,,
Cebidae,Cebus,capucinus,,,,,,,,,250,,,,,
Cebidae,Cebus,kaapori,,,,,,,,,,,,,,
Cebidae,Cebus,libidinosus,,,,,,,,,,,,,,
Cebidae,Cebus,nigritus,,,,,,,,,,,,,,
Cebidae,Cebus,olivaceus,2520,,,,6,,,,,,,730,,
Cebidae,Cebus,xanthosternos,,,,,,,,,,,,,,
Cebidae,Saimiri,boliviensis,711,,,,,,,,,,,,,
Cebidae,Saimiri,oesterdii,680,,,,,,,,,,,,,
Cebidae,Saimiri,sciureus,662,,23,23.2,2.5,170,9,1,106.4,95.2,1.78,168,418,
Cebidae,Saimiri,sciureus,699,,,,,,,,146,,,183,,
Cebidae,Saimiri,sciureus,,,,,,,,,,,,240,,
Cebidae,Saimiri,ustus,799,,,,,,,,,,,,,
Cebidae,Saimiri,vanzolinii,650,,,,,,,,,,,,,
Callitrichidae,Callimico,goeldii,355,,11,,1.32,151,9,1,48,50.6,2.75,65,215,0.7
Callitrichidae,Callimico,goeldii,,582,,,,155,,,53.3,,,70,,
Callitrichidae,Cebuella,pygmaea,79,,,,1.88,137,,2,12,31.5,0.9,90,70,1.25
Callitrichidae,Cebuella,pygmaea,122,,,,,,,,14.2,,,,,
Callitrichidae,Callithrix,aurita,429,,,,,,,,,,,,,
Callitrichidae,Callithrix,flaviceps,,406,,,,,,2,,,,,,
Callitrichidae,Callithrix,geoffroyi,,359,,,,,,,,,,,,
Callitrichidae,Callithrix,jacchus,287,,8,7.7,1.37,148,,2,27,56.7,2.98,60,128,0.85
Callitrichidae,Callithrix,jacchus,381,,,,1.5,,,,30.23,,,77,,
Callitrichidae,Callithrix,jacchus,,,,,,,,,,,,90,,
Callitrichidae,Callithrix,kuhlii,,375,,,,,,,,,,,,
Callitrichidae,Callithrix,penicilata,307,,,,,,,2,,,,,,
Callitrichidae,Leontopithecus,caissara,572,,,,,,,,,,,,,
Callitrichidae,Leontopithecus,chrysomelas,535,,,,,,,,,,,,,
Callitrichidae,Leontopithecus,chrysopygus,,,,,,,,,,,,,,
Callitrichidae,Leontopithecus,rosalia,559,,12.3,,2.38,129,6,2,50,100,2.56,90,165,1.78
Callitrichidae,Leontopithecus,rosalia,598,,,,2.42,,,,62.4,,,,,
Callitrichidae,Saguinus,bicolor,430,,,,,,,,,,,,,
Callitrichidae,Saguinus,fuscicollis,350,,,8.2,2.33,148,12,2,38.8,79.8,,90,,1.68
Callitrichidae,Saguinus,fuscicollis,358,,,,2.5,,,,40,,,,,
Callitrichidae,Saguinus,geoffroyi,502,,,,,,,2,48.1,,,,,
Callitrichidae,Saguinus,graellsi,,,,,,,,,,,,,,
Callitrichidae,Saguinus,imperator,475,,,,,,,,46.8,,,,,
Callitrichidae,Saguinus,inustus,803?,,,,,,,,,,,,,
Callitrichidae,Saguinus,labiatus,520,,,,,145,10,2,38,87,,,,
Callitrichidae,Saguinus,labiatus,529,,,,,,,,44,,,,,
Callitrichidae,Saguinus,leucopus,490,,,,,,,,44,,,,,
Callitrichidae,Saguinus,martinsi,,,,,,,,,,,,,,
Callitrichidae,Saguinus,midas,558,,,,2,,7,2,40,80,,70,,
Callitrichidae,Saguinus,midas,575,,,,,,,,,,,71,,
Callitrichidae,Saguinus,mystax,539,,,,,,,2,46.9,,,,,
Callitrichidae,Saguinus,niger,,,,,,,,,,,,,,
Callitrichidae,Saguinus,nigricollis,350,,,8.9,2.33,,,1,43.9,87,3.68,77,175,
Callitrichidae,Saguinus,nigricollis,484,,,,,,,,,,,83,,
Callitrichidae,Saguinus,nigricollis,,,,,,,,,,,,84,,
Callitrichidae,Saguinus,oedipus,404,,9.6,,1.89,168,,2,42.1,83.6,3.5,50,130,1.29
Callitrichidae,Saguinus,oedipus,425,,,,,,,,44,,,,,
Callitrichidae,Saguinus,tripartitus,,,,,,,,,,,,,,
Callitrichidae,Mico,argentatus,353,,,,1.67,,7,2,36,70.2,3.4,,,
Callitrichidae,Mico,argentatus,360,,,,,,,,,,,,,
Callitrichidae,Mico,acariensis,,,,,,,,,,,,,,
Callitrichidae,Mico,lecuippe,,,,,,,,,,,,,,
Callitrichidae,Mico,intermedius,,,,,,,,2,,,,,,
Callitrichidae,Mico,chrysoleucus,,,,,,,,,,,,,,
Callitrichidae,Mico,emiliae,330,,,,,,,,,,,,,
Callitrichidae,Mico,humeralifer,380,,,,,,,,34.5,,,,,
Callitrichidae,Mico,humilis,,,,,,,,,,,,,,
Callitrichidae,Mico,mauesi,398,,,,,,,,,,,,,
Callitrichidae,Mico,melanurus,,,,,,,,,,,,,,
Callitrichidae,Mico,nigriceps,390,,,,,,,2,,,,,,
Callitrichidae,Mico,marcai,,,,,,,,,,,,,,
Callitrichidae,Mico,manicorensis,,,,,,,,,,,,,,
Callitrichidae,Mico,saterei,,,,,,,,,,,,,,
Pitheciidae,Cacajao,calvus,2880,,,,,180,,,,,,638,,
Pitheciidae,Cacajao,calvus,3600,,,,,,,,,,,,,
Pitheciidae,Cacajao,melanocephalus,2710,,,,,,,,,,,,,
Pitheciidae,Callicebus,baptista,,,,,,,,,,,,,,
Pitheciidae,Callicebus,barbarabrownae,,,,,,,,,,,,,,
Pitheciidae,Callicebus,brunneus,805,,,,,,,,,,,,,
Pitheciidae,Callicebus,cineracens,,,,,,,,,,,,,,
Pitheciidae,Callicebus,coimbrai,,,,,,,,,,,,,,
Pitheciidae,Callicebus,cupreus,1120,,,,,130,13,1,74,,,203,,
Pitheciidae,Callicebus,donacophilus,909,,,,,,,,,,,,,
Pitheciidae,Callicebus,hoffmansi,1030,,,,,,,,,,,,,
Pitheciidae,Callicebus,medemi,,,,,,,,,,,,,,
Pitheciidae,Callicebus,melanochir,,,,,,,,,,,,,,
Pitheciidae,Callicebus,modestus,,,,,,,,,,,,,,
Pitheciidae,Callicebus,moloch,956,,,,3,164,,,74.4,100,,60,,2.39
Pitheciidae,Callicebus,moloch,1004,,,,,,,,,,,,,
Pitheciidae,Callicebus,nigrifons,,,,,,,,,,,,,,
Pitheciidae,Callicebus,oenanthe,,,,,,,,,,,,,,
Pitheciidae,Callicebus,olallae,,,,,,,,,,,,,,
Pitheciidae,Callicebus,ornatus,,,,,,,,,,,,,,
Pitheciidae,Callicebus,pallescens,,,,,,,,,,,,,,
Pitheciidae,Callicebus,personatus,1380,,,,,,,,,,,,,
Pitheciidae,Callicebus,torquatus,1210,,,,,,,,,,,,,
Pitheciidae,Chiropotes,albinasus,2490,,,,,,,,,,,,,
Pitheciidae,Chiropotes,satanas,2580,,,,,,,,,,,,,
Pitheciidae,Chiropotes,satanas,3100,,,,,,,,,,,,,
Pitheciidae,Pithecia,aequatorialis,,2250,,,,,,,,,,,,
Pitheciidae,Pithecia,albicans,,,,,,,,,,,,,,
Pitheciidae,Pithecia,irrorata,2070,,,,,,,,,,,,,
Pitheciidae,Pithecia,monachus,2110,,32.2,,,,,,120,121,2.66,,,
Pitheciidae,Pithecia,monachus,2170,,,,,,,,121,,,,,
Pitheciidae,Pithecia,pithecia,1580,,,,2.08,164,,,,,,,,
Pitheciidae,Pithecia,pithecia,1604,,,,,,,,,,,,,
Atelidae,Alouatta,belzebul,5520,,,,,,,,,,,,,
Atelidae,Alouatta,caraya,4330,,,47.9,3.71,187,,,262,,,325,,
Atelidae,Alouatta,caraya,4882,,,,,,,,,,,,,
Atelidae,Alouatta,coibensis,,,,,,,,,,,,,,
Atelidae,Alouatta,guariba,,,,,,,,,,,,,,
Atelidae,Alouatta,nigerrima,,,,,,,,,,,,,,
Atelidae,Alouatta,palliata,4020,,51.5,55.4,3.58,186,20,1,320,528,1.36,325,1100,1.35
Atelidae,Alouatta,palliata,5350,,,,3.99,,,,,,,495,,
Atelidae,Alouatta,palliata,5824,,,,,,,,,,,630,,
Atelidae,Alouatta,palliata,6600,,,,,,,,,,,,,
Atelidae,Alouatta,pigra,6430,,,,,,,,480,,,,,
Atelidae,Alouatta,sara,,,,,,,,,,,,,,
Atelidae,Alouatta,seniculus,4670,,,,4.58,191,,,295,,3.5,372,,3.04
Atelidae,Alouatta,seniculus,5210,,,,,,,,,,,,,
Atelidae,Alouatta,seniculus,5807,,,,,,,,,,,,,
Atelidae,Alouatta,seniculus,6020,,,,,,,,,,,,,
Atelidae,Ateles,belzebuth,7850,,,,,,,,,,,,,
Atelidae,Ateles,chamek,9330,,,,,,,,,,,,,
Atelidae,Ateles,fusciceps,9160,,108.8,,4.86,226,,,,,6,486,,2.91
Atelidae,Ateles,fusciceps,9163,,,,,,,,,,,,,
Atelidae,Ateles,geoffroyi,7290,,104.9,106.4,5.62,225,37,1,426,426,1.92,750,2000,2.76
Atelidae,Ateles,geoffroyi,7669,,,,6.39,229,,,512,,,,,
Atelidae,Ateles,hybridus,,,,,,,,,,,,,,
Atelidae,Ateles,marginatus,,,,,,,,,,,,,,
Atelidae,Ateles,paniscus,8440,,101.2,,5,230,24,1,425,452.5,4.39,760,3790,
Atelidae,Ateles,paniscus,8554,,,,,,,,480,,,810,,
Atelidae,Brachyteles,arachnoides,8070,,,,7.5,233,34,1,,,,638,,
Atelidae,Brachyteles,arachnoides,,,,,,,,,,,,855,,
Atelidae,Brachyteles,hypoxanthus,,,,,,,,,,,,,,
Atelidae,Lagothrix,cana,,,,,,,,,,,,,,
Atelidae,Lagothrix,lagothricha,5585,,82.6,,5,223,24,1,432,450,,315,,3.53
Atelidae,Lagothrix,lagothricha,7020,,,,7.58,225,,,447,,,507,,
Atelidae,Lagothrix,lugens,,,,,,,,,,,,,,
Atelidae,Lagothrix,poeppigii,,,,,,,,,,,,,,
Atelidae,Oreonax,flavicauda,,10000,,,,,,,,,,,,
Cercopithecidae,Allenopithecus,nigroviridis,3180,,57,,,,,,242,,,,,
Cercopithecidae,Allenopithecus,nigroviridis,3225,,,,,,,,,,,,,
Cercopithecidae,Miopithecus,talapoin,1120,,37.3,,4.38,162,12,1,177.5,175,1.1,180,450,3.44
Cercopithecidae,Miopithecus,talapoin,2000,,,,,165,,,180,,,195,,
Cercopithecidae,Erythrocebus,patas,6317,,100,,3,167,12,1,468,504.5,6.78,213,1950,1.96
Cercopithecidae,Erythrocebus,patas,6500,,,,,,,,625,,,255,,
Cercopithecidae,Chlorocebus,aethiops,2980,,,59.2,4.75,,,,,,,219,,
Cercopithecidae,Cercopithecus,aethiops,2980,,60.1,,5,163,12,1,335.9,314,4.2,201,1170,3.55
Cercopithecidae,Cercopithecus,aethiops,3100,,,,3.5,,,,430,,,365,,
Cercopithecidae,Cercopithecus,aethiops,3469,,,,,,,,,,,,,
Cercopithecidae,Cercopithecus,ascanius,2920,,61.3,,5,172,,,371,371,,,,
Cercopithecidae,Cercopithecus,ascanius,2943,,,,,,,,,,,,,
Cercopithecidae,Cercopithecus,campbelli,2200,,,,,,,,,,,,,
Cercopithecidae,Cercopithecus,campbelli,2700,,,,,,,,,,,,,
Cercopithecidae,Cercopithecus,cephus,2805,,,,5,170,,,339,340,2.87,,,
Cercopithecidae,Cercopithecus,cephus,2880,,,,,,,,,,,,,
Cercopithecidae,Cercopithecus,diana,3900,,,,5.33,,12,1,460,475,,365,,
Cercopithecidae,Cercopithecus,diana,4533,,,,5.42,,,,479,,,,,
Cercopithecidae,Cercopithecus,dryas,,,,,,,,,,,,,,
Cercopithecidae,Cercopithecus,eryhtrogaster,2400,,,,,,,,,,,,,
Cercopithecidae,Cercopithecus,erythrotis,,2900,,,,,,,,,,,,
Cercopithecidae,Cercopithecus,hamlyni,3360,,,,,,,,,,,,,
Cercopithecidae,Cercopithecus,lhoesti,3450,,84.5,,,,,,,,,,,
Cercopithecidae,Cercopithecus,lhoesti,4700,,,,,,,,,,,,,
Cercopithecidae,Cercopithecus,mitis,3930,,56.5,,5.72,,24,1,337,402,3.5,692,,
Cercopithecidae,Cercopithecus,mitis,4250,,,,5.83,,,,398,,,699,,
Cercopithecidae,Cercopithecus,mitis,4280,,,,,,,,402,,,,,
Cercopithecidae,Cercopithecus,mitis,4910,,,,,,,,495,,,,,
Cercopithecidae,Cercopithecus,mona,2500,,62,,,,,,282,284,,,,
Cercopithecidae,Cercopithecus,neglectus,2550,,,,4.67,165,12,1,260,260,3.2,365,1640,3.22
Cercopithecidae,Cercopithecus,neglectus,4081,,,,,168,,,450,,,420,,
Cercopithecidae,Cercopithecus,neglectus,4130,,,,,,,,,,,,,
Cercopithecidae,Cercopithecus,nictitans,4216,,,,,170,,,406,,2.4,,,
Cercopithecidae,Cercopithecus,nictitans,4260,,,,,,,,,,,,,
Cercopithecidae,Cercopithecus,petaurista,2900,,,,,,,,,,,,,
Cercopithecidae,Cercopithecus,pogonias,2900,,,,5,170,,1,339,340,2.57,,,
Cercopithecidae,Cercopithecus,pogonias,3021,,,,,,,,,,,,,
Cercopithecidae,Cercopithecus,preussi,,4500,,,,,,,,,,,,
Cercopithecidae,Cercopithecus,salongo,,,,,,,,,,,,,,
Cercopithecidae,Cercopithecus,sclateri,,2500,,,,,,,,,,,,
Cercopithecidae,Cercopithecus,solatus,3920,,,,4.75,,18,1,,,,,,
Cercopithecidae,Cercopithecus,wolfi,2870,,,,,,,,435,,,,,
Cercopithecidae,Macaca,arctoides,8400,,99.8,,3.84,178,19,1,489,487,4.55,393,2300,
Cercopithecidae,Macaca,arctoides,8523,,,,4.25,,,,497,,,398,,
Cercopithecidae,Macaca,assamensis,6900,,,,,,,,,,,,,
Cercopithecidae,Macaca,brunnescens,,,,,,,,,,,,,,
Cercopithecidae,Macaca,cyclops,4920,,,,,162,15,1,398,,,206,,
Cercopithecidae,Macaca,cyclops,6200,,,,,,,,402,,,,,
Cercopithecidae,Macaca,fascicularis,3574,,62.1,62.5,3.9,160,13,1,326.1,345,5.86,330,1700,2.27
Cercopithecidae,Macaca,fascicularis,3590,,,,,167,,,375,,,420,,
Cercopithecidae,Macaca,fascicularis,,,,,,,,,,,,427,,
Cercopithecidae,Macaca,fuscata,8030,,,,5.54,173,24,1,503,496,6.27,354,2730,4.07
Cercopithecidae,Macaca,fuscata,92100,,,,,,,,526.8,,,540,,
Cercopithecidae,Macaca,hecki,,,,,,,,,,,,,,
Cercopithecidae,Macaca,maura,6050,,,,5,,22,1,389,,,500,,
Cercopithecidae,Macaca,maura,,,,,,,,,390,,,,,
Cercopithecidae,Macaca,mulatta,5370,,84.7,81.3,3,165,12,1,466.3,475,4.39,192,1454,3.05
Cercopithecidae,Macaca,mulatta,5445,,,,4.19,164,,,473,,,321,,
Cercopithecidae,Macaca,mulatta,6500,,,,4.5,,,,,,,365,,
Cercopithecidae,Macaca,mulatta,7970,,,,,,,,,,,,,
Cercopithecidae,Macaca,mulatta,8800,,,,,,,,,,,,,
Cercopithecidae,Macaca,nemestrina,4900,,110,96.2,3.92,167,14,1,443.7,472,2.6,234,1416.5,2.46
Cercopithecidae,Macaca,nemestrina,5571,,,,,171,,,473,,,365,,
Cercopithecidae,Macaca,nemestrina,6500,,,,,,,,,,,,,
Cercopithecidae,Macaca,nigra,4600,,97.5,,5.44,170,18,1,457,455,3.53,,,
Cercopithecidae,Macaca,nigra,5470,,,,5.5,,,,461,,,,,
Cercopithecidae,Macaca,nigriscens,,,,,,,,,,,,,,
Cercopithecidae,Macaca,ochreata,2600,,,,,,,,,,,,,
Cercopithecidae,Macaca,radiata,3700,,,,4,162,12,1,388,404,4.37,365,2000,2.56
Cercopithecidae,Macaca,radiata,3850,,,,,,,,407,,,,,
Cercopithecidae,Macaca,sinica,3200,,,,,,,,,,5,,,
Cercopithecidae,Macaca,sinica,3590,,,,,,,,,,,,,
Cercopithecidae,Macaca,silenus,5000,,,,4.92,180,17,1,407,407,,365,,3.41
Cercopithecidae,Macaca,silenus,,,,,,182,,,438,,,,,
Cercopithecidae,Macaca,sylvanus,8280,,,,4.75,165,22,,450,,4.28,210,2420,
Cercopithecidae,Macaca,sylvanus,8283,,,,4.8,,,,,,,,,
Cercopithecidae,Macaca,sylvanus,,11000,,,,,,,,,,,,
Cercopithecidae,Macaca,thibetana,9500,,,,,170,24,1,500,,3.34,561,2400,
Cercopithecidae,Macaca,thibetana,12800,,,,,,,,550,,,568,,
Cercopithecidae,Macaca,tonkeana,9000,,,,,,,,,,,,,
Cercopithecidae,Mandrillus,leucophaeus,8450,,124,,5,173,,,722,,,,,
Cercopithecidae,Mandrillus,leucophaeus,,12500,,,,,,,,,,,,
Cercopithecidae,Mandrillus,sphinx,11350,,,,4,175,17,1,613,613,6.53,348,3000,2.56
Cercopithecidae,Mandrillus,sphinx,12900,,,,,220,,,890,,,350,,
Cercopithecidae,Cercocebus,albigena,6209,,94.4,,4.08,175,,,,425,5,365,2170,2.61
Cercopithecidae,Cercocebus,agilis,5660,,,,,,,,,,,,,
Cercopithecidae,Cercocebus,atys,6200,,,,,,,,530,,,,,
Cercopithecidae,Cercocebus,galeritus,5260,,88.8,,6.5,171,,,,,,,,
Cercopithecidae,Cercocebus,galeritus,5473,,,,,,,,,,,,,
Cercopithecidae,Cercocebus,torquatus,500,,110.5,,4.67,171,,,,,,,,
Cercopithecidae,Cercocebus,torquatus,7420,,,,,,,,,,,,,
Cercopithecidae,Lophocebus,albigena,6020,,,,,186,33,1,500,,,210,,
Cercopithecidae,Lophocebus,aterrimus,5760,,,,,,,,,,,,,
Cercopithecidae,Papio,anubis,11700,,,158.9,4.5,180,25,1,915,,,584,,
Cercopithecidae,Papio,anubis,13300,,,,,,,,950,,,600,,
Cercopithecidae,Papio,anubis,14700,,,,,,,,,,,,,
Cercopithecidae,Papio,cynocephalus,9750,,164,145.5,5.5,173,23,1,710,854,5.1,365,2500,4.03
Cercopithecidae,Papio,cynocephalus,11000,,,,,175,,,803,,,450,,
Cercopithecidae,Papio,cynocephalus,11532,,,,,,,,,,,456,,
Cercopithecidae,Papio,cynocephalus,12300,,,,,,,,,,,,,
Cercopithecidae,Papio,cynocephalus,13600,,,,,,,,,,,,,
Cercopithecidae,Papio,hamadryas,9900,,142.6,,6.1,170,24,1,695,,,561,3100,
Cercopithecidae,Papio,hamadryas,10404,,,,,,,,1000,,,,,
Cercopithecidae,Papio,hamadryas,11400,,,,,,,,,,,,,
Cercopithecidae,Papio,papio,12100,,192,,,187,,,603.6,,,,,
Cercopithecidae,Papio,papio,16166,,,,,,,,,,,,,
Cercopithecidae,Papio,ursinus,14773,,164.5,,3.67,187,29,1,600,,,,,
Cercopithecidae,Papio,ursinus,14800,,,,,,,,850,,,,,
Cercopithecidae,Theropithecus,gelada,11427,,119.7,,4,170,24,1,465,553,6.12,540,3900,2.3
Cercopithecidae,Theropithecus,gelada,11700,,,,,180,,,,,,547,,
Cercopithecidae,Procolobus,verus,4200,,,,,,,,,,,,,
Cercopithecidae,Procolobus,badius,7421,,80.2,64.8,4.08,,,,,,,522,,
Cercopithecidae,Procolobus,badius,8210,,,,,,,,,,,790.4,,
Cercopithecidae,Procolobus,badius,8250,,,,,,,,,,,,,
Cercopithecidae,Colobus,angolensis,7570,,,,,,,,,,,,,
Cercopithecidae,Colobus,guereza,7900,,72,69,4.75,170,20,1,445,395.5,3.6,330,1600,
Cercopithecidae,Colobus,guereza,8102,,,,,,,,549,,,390,,
Cercopithecidae,Colobus,guereza,9200,,,,,,,,,,,394,,
Cercopithecidae,Colobus,polykomos,7662,,81.4,,8.5,170,22,1,400,597,6,215,1240,
Cercopithecidae,Colobus,polykomos,8300,,,,,,,,600,,,219,,
Cercopithecidae,Colobus,satanas,7420,,,,,,,,,,,,,
Cercopithecidae,Colobus,vellerosus,6900,,,,,,,,,,,,,
Cercopithecidae,Semnopithecus,entellus,6910,,,98.2,3.42,184,17,1,500,500,6.34,249,2100,
Cercopithecidae,Semnopithecus,entellus,9890,,,,,200,,,,,,396,,
Cercopithecidae,Semnopithecus,entellus,10280,,,,,,,,,,,416,,
Cercopithecidae,Semnopithecus,entellus,10900,,,,,,,,,,,,,
Cercopithecidae,Semnopithecus,entellus,14800,,,,,,,,,,,,,
Cercopithecidae,Semnopithecus,johnii,,,,,,,,,,,,,,
Cercopithecidae,Semnopithecus,vetulus,5797,,,56.6,4,200,32,1,360,360,2.7,219,1100,
Cercopithecidae,Semnopithecus,vetulus,5900,,,,,,,,447,,,270,,
Cercopithecidae,Semnopithecus,vetulus,,,,,,,,,,,,274,,
Cercopithecidae,Semnopithecus,vetulus,,,,,,,,,,,,,,
Cercopithecidae,Trachypithecus,auratus,,,,,,,,,,,,,,
Cercopithecidae,Trachypithecus,cristata,5760,,66,54.5,4,,,,,,,365,,
Cercopithecidae,Trachypithecus,cristata,5856,,,,,,,,,,,,,
Cercopithecidae,Trachypithecus,francoisi,7300,,,66.9,4,,,,457,,,394,,
Cercopithecidae,Trachypithecus,francoisi,7350,,,,,,,,,,,,,
Cercopithecidae,Trachypithecus,geei,9500,,,,,,,,,,,,,
Cercopithecidae,Trachypithecus,johnii,11200,,,,,,,,,,,,,
Cercopithecidae,Trachypithecus,obscura,6260,,60.8,60.8,4,,,,341,380,,365,,
Cercopithecidae,Trachypithecus,obscura,6530,,,,,,,,380,,,,,
Cercopithecidae,Trachypithecus,phayrei,6300,,,,,165,15,1,,,,305,,
Cercopithecidae,Trachypithecus,phayrei,10500,,,,,,,,,,,,,
Cercopithecidae,Trachypithecus,pileatus,9860,,,,,,,,,,,,,
Cercopithecidae,Presbytis,comata,6710,,,,,,,,,,,,,
Cercopithecidae,Presbytis,frontata,5670,,,,,,,,,,,,,
Cercopithecidae,Presbytis,hosei,5630,,,,,,,,,,,,,
Cercopithecidae,Presbytis,melalophos,6470,,,,,,,,,,,,,
Cercopithecidae,Presbytis,potenziana,6400,,,,,,,,,,,,,
Cercopithecidae,Presbytis,rubicunda,6170,,,,,,,,,,,,,
Cercopithecidae,Presbytis,thomasi,6690,,,,,,,,,,,,,
Cercopithecidae,Nasalis,larvatus,9593,,87,82.8,4.5,166,18,1,450,525,6.93,210,2000,
Cercopithecidae,Nasalis,larvatus,9820,,,,,,,,,,,213,,
Cercopithecidae,Nasalis,larvatus,,,,,,,,,,,,281,,
Cercopithecidae,Simias,concolor,6800,,,,,,,,,,,,,
Cercopithecidae,Pygathrix,nemaeus,8180,,,,,210,,,463,,,,,
Cercopithecidae,Pygathrix,nemaeus,8440,,,,,,,,,,,,,
Cercopithecidae,Rhinopithecus,avunculus,8000,,,,,,,,,,,,,
Cercopithecidae,Rhinopithecus,avunculus,8500,,,,,,,,,,,,,
Cercopithecidae,Rhinopithecus,bieti,9960,,,,,,,,427,,,,,
Cercopithecidae,Rhinopithecus,brelichi,,,,,,,,,,,,,,
Cercopithecidae,Rhinopithecus,roxellana,11600,,,,,,,,,,,,,
Hylobatidae,Hylobates,agilis,5530,,87.6,,,,,,,,,,,
Hylobatidae,Hylobates,agilis,5820,,,,,,,,,,,,,
Hylobatidae,Hylobates,concolor,5749,,,,,202,,,,,,,,
Hylobatidae,Hylobates,concolor,7620,,,,,,,,,,,,,
Hylobatidae,Hylobates,gabriellae,,,,,,,,,,,,,,
Hylobatidae,Hylobates,hoolock,6500,,,,,,,,,,,,,
Hylobatidae,Hylobates,hoolock,6880,,,,,,,,,,,,,
Hylobatidae,Hylobates,klossii,5920,,,,,,,,,,,,,
Hylobatidae,Hylobates,lar,5340,,93.9,102.2,6.69,205,30,1,400,400,0.9,548,1070,6.73
Hylobatidae,Hylobates,lar,5465,,,,9.31,213,,,407,,,730,,
Hylobatidae,Hylobates,lar,,,,,,,,,,,,735,,
Hylobatidae,Hylobates,leucogenys,7320,,,,,,,,500,,,,,
Hylobatidae,Hylobates,moloch,5292,,93.1,,,195,,,,,,,,
Hylobatidae,Hylobates,moloch,6250,,,,,,,,,,,,,
Hylobatidae,Hylobates,muelleri,5350,,,,,,,,,,,,,
Hylobatidae,Hylobates,pileatus,5440,,,,,,,,,,,,,
Hylobatidae,Hylobates,syndactylus,10568,,130,113.5,5.18,232,50,1,513,517,,639,,
Hylobatidae,Hylobates,syndactylus,10700,,,,8.92,234,,,552,,,,,
Hylobatidae,Hylobates,syndactylus,,,,,9,,,,,,,,,
Pongidae,Pongo,pygmaeus,35700,,301.7,374.5,7,250,72,1,1728,1735,7.26,720,11000,7.88
Pongidae,Pongo,pygmaeus,35800,,,,9.68,244,,,1653,,,1277,,
Pongidae,Pongo,pygmaeus,37078,,,,14.3,,,,,,,1825,,
Pongidae,Pongo,abeli,35600,,,,,,,,,,,,,
Pongidae,Gorilla,gorilla,71000,,457.3,455.6,4,260,47,1,1996,2122.9,15.32,900,,6.58
Pongidae,Gorilla,gorilla,71500,,,,10,285,,,2110,,,1004,,
Pongidae,Gorilla,gorilla,80000,,,,10.3,,,,,,,1278,,
Pongidae,Gorilla,gorilla,82475,,,,,,,,,,,,,
Pongidae,Gorilla,gorilla,97500,,,,,,,,,,,,,
Pongidae,Pan,paniscus,33200,,,,,240,48,1,1400,1162,6.71,1080,8500,
Pongidae,Pan,paniscus,,,,,,,,,1494,,,1094,,
Pongidae,Pan,troglodytes,30000,,380,371.1,13,235,60,1,1750,1742,3.97,1680,8500,8.36
Pongidae,Pan,troglodytes,33700,,,,13.9,240,,,1814,,,1702,,
Pongidae,Pan,troglodytes,40300,,,,,,,,,,,1825,,
Pongidae,Pan,troglodytes,40400,,,,,,,,,,,,,
Pongidae,Pan,troglodytes,41600,,,,,,,,,,,,,
Pongidae,Pan,troglodytes,45800,,,,,,,,,,,,,
Hominidae,Homo,sapiens,42200,,1228,,14,267,36,1,2900,3375,10.7,730,10980,11.27
Hominidae,Homo,sapiens,45800,,,,15,270,,,3334,,,930,,
Hominidae,Homo,sapiens,49700,,,,,,,,,,,,,
Hominidae,Homo,sapiens,52500,,,,,,,,,,,,,
Hominidae,Homo,sapiens,53600,,,,,,,,,,,,,
Hominidae,Homo,sapiens,56300,,,,,,,,,,,,,
Hominidae,Homo,sapiens,62100,,,,,,,,,,,,,
Hominidae,Homo,sapiens,73200,,,,,,,,,,,,,